<annotation>
	<folder>images</folder>
	<filename>lays_16.jpg</filename>
	<path>C:\Users\HP\Downloads\yolov5win11customobj-main\yolov5win11customobj-main\images\lays_16.jpg</path>
	<source>
		<database>Unknown</database>
	</source>
	<size>
		<width>640</width>
		<height>480</height>
		<depth>3</depth>
	</size>
	<segmented>0</segmented>
	<object>
		<name>lays</name>
		<pose>Unspecified</pose>
		<truncated>1</truncated>
		<difficult>0</difficult>
		<bndbox>
			<xmin>1</xmin>
			<ymin>1</ymin>
			<xmax>172</xmax>
			<ymax>237</ymax>
		</bndbox>
	</object>
</annotation>
